Tweet ID,URL,Content,Likes,Retweets,Replies,Quotes,Views,Date
1909045192478310618,https://x.com/DanielNoboaOk/status/1909045192478310618,Todos los recursos que se necesiten. Hombro a hombro con Quito.,2233,444,273,22,75836,"April 7, 2025 at 12:46 AM"
1908585655224902065,https://x.com/DanielNoboaOk/status/1908585655224902065,"Siempre lo supimos, no están dispuestos a luchar contra los suyos 🤷🏻‍♂️ https://t.co/SRaRGvuQgJ",8046,2909,2073,499,248881,"April 5, 2025 at 06:20 PM"
1908203087551967569,https://x.com/DanielNoboaOk/status/1908203087551967569,"En abril reclama y protege al país que el pasado te quiere arrebatar. 

Elige ser valiente. Elige un #EcuadorParaAdelante https://t.co/eTS7pPiWaD",4187,1075,599,56,72190,"April 4, 2025 at 05:00 PM"
1906848863086162337,https://x.com/DanielNoboaOk/status/1906848863086162337,"La valentía viene con ser ecuatoriano 🇪🇨

#EcuadorParaAdelante https://t.co/UEGjanOCHo",6819,1960,969,123,139647,"March 31, 2025 at 11:19 PM"
1906780662277005607,https://x.com/DanielNoboaOk/status/1906780662277005607,Estoy decidido a escribir una nueva historia para nuestro país. Estoy decidido a sacar al Ecuador para adelante. https://t.co/nR32Lxkk9E,15195,3787,2879,337,526787,"March 31, 2025 at 06:48 PM"
1906147363107848692,https://x.com/DanielNoboaOk/status/1906147363107848692,🇪🇨🇺🇸 https://t.co/2U6WxW0PsG,31396,4810,2934,640,1671827,"March 30, 2025 at 12:52 AM"
1904051271339757603,https://x.com/DanielNoboaOk/status/1904051271339757603,RT @DanielHabif: Un gozo y privilegio poder platicar de forma tan generosa y auténtica con la Primera Dama @laviniavalbonesi_ y el Presiden…,4319,772,628,56,176608,"March 24, 2025 at 06:02 AM"
1904034322115375350,https://x.com/DanielNoboaOk/status/1904034322115375350,"RT @AlegriaCrespo: Queridos maestros, colegas de misión, respetable profesión.
Ustedes son cada día respetados y revalorizados.
A través de…",1300,442,182,15,75999,"March 24, 2025 at 04:55 AM"
1904034262719864960,https://x.com/DanielNoboaOk/status/1904034262719864960,RT @cesarvasquez_ec: No @LuisaGonzalezEc ! No es así ! En #ElNuevoEcuador hemos crecido en el número de cupos de Edu superior pública. 260.…,993,318,270,20,82095,"March 24, 2025 at 04:55 AM"
1904034146340511785,https://x.com/DanielNoboaOk/status/1904034146340511785,"RT @ivonneabogada: Mentirosa la candidata Luisa González, cuando fue Ministra del Trabajo por un día, emitió el Acuerdo Ministerial No 2017…",1040,546,0,50,53185,"March 24, 2025 at 04:54 AM"
1904020860991684981,https://x.com/DanielNoboaOk/status/1904020860991684981,"Busquen la tesis en el repositorio de la FLACSO 😉

#DebatePresidencial2025  #DanielNoboa https://t.co/MNrwjGgZMa",7390,1925,907,57,190094,"March 24, 2025 at 04:02 AM"
1904019329634468116,https://x.com/DanielNoboaOk/status/1904019329634468116,"RT @ssandinog: No mientas @LuisaGonzalezEc. Mi madre fue una perjudicada de tu medida cuando fuiste Ministra del Trabajo, que le impidió ju…",6445,2566,160,44,110635,"March 24, 2025 at 03:55 AM"
1904017258579427477,https://x.com/DanielNoboaOk/status/1904017258579427477,"RT @ivonneabogada: La madre de la mentira, Luisa Gonzálezsí trabajó en la cancillería, aquí la verdad ⬇️ https://t.co/aLyjJApJuQ",989,449,0,38,52476,"March 24, 2025 at 03:47 AM"
1904009461309616257,https://x.com/DanielNoboaOk/status/1904009461309616257,"¿A dónde vamos a parar? 🤔

#DanielNoboa #DebatePresidencial2025 https://t.co/13fCod1i9p",9361,2365,692,111,157242,"March 24, 2025 at 03:16 AM"
1904006783145816478,https://x.com/DanielNoboaOk/status/1904006783145816478,"Nosotros somos una opción de trabajo, una opción que puede llevar a Ecuador para adelante. 

No somos una opción que solo ha vivido del Estado.

#DebatePresidencial2025  #DanielNoboa https://t.co/eKwy3njrA8",9746,2100,743,78,133592,"March 24, 2025 at 03:06 AM"
1904005293291217314,https://x.com/DanielNoboaOk/status/1904005293291217314,"Estos sí son casos comprobados: Correa, Glas, Verduga… entre otros amigos de la candidata. 

#DebatePresidencial2025  #DanielNoboa https://t.co/XIK4ChTI5n",10396,2546,554,60,153168,"March 24, 2025 at 03:00 AM"
1904003201143115786,https://x.com/DanielNoboaOk/status/1904003201143115786,"A pesar de todo, debemos mantener códigos de ética, y yo nunca me metería con sus hijos o sus parejas.

#DebatePresidencial2025  #DanielNoboa #ADN7 https://t.co/f9B8HZhXtO",18140,3945,1630,213,431686,"March 24, 2025 at 02:51 AM"
1903996757727404281,https://x.com/DanielNoboaOk/status/1903996757727404281,"Siempre del lado de los que nos protegen, nunca del lado de las mafias. 

#DebatePresidencial2025  #DanielNoboa #ADN7 https://t.co/pOmpdRdeKm",6471,1624,506,49,113517,"March 24, 2025 at 02:26 AM"
1903993086251794440,https://x.com/DanielNoboaOk/status/1903993086251794440,"¿Mocionaste al prófugo de la justicia, Ronny Aleaga, para el CAL? El mismo que es parte de la mafia de venta de medicinas en los hospitales.

#DebatePresidencial https://t.co/a3MKitIdtB",9393,3203,662,82,265470,"March 24, 2025 at 02:11 AM"
1903987906009510031,https://x.com/DanielNoboaOk/status/1903987906009510031,"No podemos volver al pasado, Ecuador solo puede ir hacia adelante. 

#DebatePresidencial2025  #DanielNoboa https://t.co/uoj2qWkMpS",8236,1754,694,56,188495,"March 24, 2025 at 01:51 AM"
1903984148110356559,https://x.com/DanielNoboaOk/status/1903984148110356559,"Creo en un país donde todos tengan la oportunidad de soñar en grande, de acceder a mejores empleos. Por eso, hemos abierto un programa con 100mil becas para aprender inglés. 

https://t.co/9cysdEiEel https://t.co/lcWo3hh8a1",10774,2391,905,200,322479,"March 24, 2025 at 01:36 AM"
1903978429633986991,https://x.com/DanielNoboaOk/status/1903978429633986991,"Esto lo hago por mis hijos, por mis padres que fueron perseguidos políticos, por esa madre emprendedora, por los jóvenes. Por todo el Ecuador que quiere un Ecuador de progreso y libertad.

#DebatePresidencial2025  #DanielNoboa #ADN7 https://t.co/c94gM7kfiC",11560,2631,1026,105,218463,"March 24, 2025 at 01:13 AM"
1903504773057253880,https://x.com/DanielNoboaOk/status/1903504773057253880,"Acaban de asesinar a Narciso Saldarriaga en Canuto, nuestro delegado de control electoral en el norte de Manabí. Mis condolencias con la familia, esto no quedará impune. 

Pretenden imponerse con miedo, como lo han hecho por más de una década. Quieren atar las elecciones a su conveniencia y operar sin control. 

Es claro, quieren que todos los ecuatorianos tengan miedo.",12610,3349,3833,478,1054523,"March 22, 2025 at 05:51 PM"
1902523689725260076,https://x.com/DanielNoboaOk/status/1902523689725260076,"RT @RobertoLuqueN: Este momento me estoy trasladando con mi equipo técnico al sitio donde colapsó el puente Gonzalo Icaza Cornejo, en Daule…",854,208,183,13,52206,"March 20, 2025 at 12:52 AM"
1902523142054052169,https://x.com/DanielNoboaOk/status/1902523142054052169,"Continuaremos trabajando con firmeza, con transparencia y con el único objetivo de servir a Guayas y a su gente. 

La gobernadora @zaidarovira, @RobertoLuqueN y @Jorge_CarrilloT ya se encuentran desplegados en la zona.",2057,474,324,27,79819,"March 20, 2025 at 12:50 AM"
1902066941793333583,https://x.com/DanielNoboaOk/status/1902066941793333583,"Agradezco la postura del sector transportista del Ecuador que no se doblega ante las mafias, que lucha a nuestro lado y tiene la valentía para seguir adelante.

Siempre serán nuestra prioridad.",7280,1672,1002,54,252424,"March 18, 2025 at 06:37 PM"
1901114242914288110,https://x.com/DanielNoboaOk/status/1901114242914288110,"RT @CFenatrape: FENATRAPE, ha venido trabajando con el Presidente de la República @DanielNoboaOk, MTOP @ObrasPublicasEc,  Min Gobierno @Min…",413,95,75,3,28293,"March 16, 2025 at 03:32 AM"
1901100291593732574,https://x.com/DanielNoboaOk/status/1901100291593732574,"Hoy inició la dotación de agua en Quinindé. Mañana en el cantón Esmeraldas. Hechos, no palabras.

Por eso he dispuesto:
1) A @inesmanzano convocar al COE Nacional esta misma noche.
2) PetroEcuador debe asumir su responsabilidad. A diferencia del pasado, esta vez responderá por sus actos con la obligación de hacer la remediación en Esmeraldas. Por eso creará un fondo con dos objetivos: remediación ambiental y reparación a todas las familias afectadas.
3) La Ministra de Ambiente se movilizará de inmediato para coordinar estas acciones.

Inés Manzano será la responsable de informarme los resultados. No hay margen para retroceder, solo para avanzar.",6393,1394,1381,170,603223,"March 16, 2025 at 02:36 AM"
1899603651133374664,https://x.com/DanielNoboaOk/status/1899603651133374664,"El crimen organizado ha sembrado miedo y ha creído que puede operar con impunidad. Se les acaba su hora. Empieza la ayuda internacional en el Ecuador. 

En reunión con @realErikDPrince, fundador de Blackwater, hemos establecido una alianza estratégica para fortalecer nuestras capacidades en la lucha contra el narcoterrorismo y la protección de nuestras aguas de la pesca ilegal. 

No hay tregua. No hay retroceso. Vamos adelante.",12610,2990,2475,567,1007433,"March 11, 2025 at 11:29 PM"
1899292843203596409,https://x.com/DanielNoboaOk/status/1899292843203596409,"Las emergencias no esperan, y nuestro compromiso con el país tampoco. Ante el desbordamiento de los ríos Malacatos y Zamora en Loja, actuamos de inmediato. 

Tal como lo dije hoy, los ministros deben estar en territorio, y así seguirá siendo durante todo el invierno. @ObrasPublicasEc ya está en la zona, con maquinaria operando sin pausa y la instalación de puentes Bailey en marcha para restablecer el tránsito lo antes posible.

Loja, estamos con ustedes.",3953,948,598,65,273626,"March 11, 2025 at 02:54 AM"
1898773739036192772,https://x.com/DanielNoboaOk/status/1898773739036192772,"Maduro ha dicho públicamente que los vuelos para recibir a sus migrantes deportados se han visto “afectados”. A puerta cerrada han advertido a los Estados Unidos que tras la revocación de la licencia de operación para Chevron tomarían esta medida como represalia. Es de miserables y de una falta absoluta de empatía que un gobierno rechace a su propia gente. Así actúan los regímenes autoritarios y extremistas, sin importarles el destino de quienes huyen de la crisis que ellos mismos causaron. 

Es evidente que los aliados de Maduro en Ecuador guardarán silencio y tratarán de minimizar el tema con un “allá ellos”, pero no. Esto tiene impacto sobre toda la región. 

En lo que respecta a Ecuador:
1) No recibiremos migrantes deportados de otras nacionalidades.
2) Los ecuatorianos deportados contarán con el respaldo del Estado en cada paso, porque aquí no abandonamos a nuestra gente.

Mi compromiso es, y siempre será, con los ecuatorianos.",15798,4261,2703,357,807963,"March 9, 2025 at 04:31 PM"
1898753256089583878,https://x.com/DanielNoboaOk/status/1898753256089583878,"RT @Presidencia_Ec: La atención integral no se detiene para los damnificados en la Costa ecuatoriana.

El presidente @DanielNoboaOk está en…",1089,371,209,11,37069,"March 9, 2025 at 03:10 PM"
1898460023983902774,https://x.com/DanielNoboaOk/status/1898460023983902774,"Para las mujeres de este país: hechos, no promesas vacías.

Ustedes son las protagonistas del Nuevo Ecuador, y la mejor manera de honrarlas es dándoles más oportunidades. Por eso, entregamos becas para su profesionalización; créditos para sus emprendimientos; títulos de propiedad para su autonomía. Por eso, este es uno de los gabinetes más femeninos que ha tenido el Ecuador, con mujeres en posiciones que antes no les permitían. 

En cada decisión, nuestro gobierno piensa en ustedes, las mujeres que levantan este país. Lo hacemos por su lucha y su legado.",5679,1169,1127,133,249371,"March 8, 2025 at 07:45 PM"
1898457483003236520,https://x.com/DanielNoboaOk/status/1898457483003236520,RT @Presidencia_Ec: 600 efectivos del Bloque de Seguridad se desplegaron en Durán para dar un duro golpe a las bandas delictivas que operan…,1681,409,227,27,393134,"March 8, 2025 at 07:35 PM"
1898014349077164269,https://x.com/DanielNoboaOk/status/1898014349077164269,"Todos los policías y militares que hayan actuado y que vayan a desplegarse en Nueva Prosperina, cuentan desde ya con indulto presidencial. 

Necesitamos que actúen con determinación y sin temor a represalias.

Defiendan al país, yo los defiendo a ustedes.",15875,3419,2427,751,1587800,"March 7, 2025 at 02:14 PM"
1897421374836125841,https://x.com/DanielNoboaOk/status/1897421374836125841,"Esta carta no va dirigida a los políticos, ni a los líderes de opinión, ni a la banca. 

Esta carta es para el pueblo ecuatoriano, a quienes me debo. https://t.co/c0NEgK6OfK",12332,3769,3633,704,1677653,"March 5, 2025 at 10:58 PM"
1897381494550655216,https://x.com/DanielNoboaOk/status/1897381494550655216,"Muchos de ustedes no solo han perdido sus hogares y bienes, sino que también enfrentan deudas que hoy se han vuelto imposibles de pagar. Por eso, he dispuesto la condonación de deudas de hasta 10 mil dólares en BanEcuador para quienes han sido afectados por el invierno en las provincias identificadas por la Secretaría de Riesgos.

Cuando la naturaleza golpea y las familias se ven afectadas, el gobierno debe estar a la altura. Hoy estamos en cada provincia, haciendo lo necesario para proteger y reconstruir.",4741,1053,755,57,200594,"March 5, 2025 at 08:19 PM"
1897380544067067964,https://x.com/DanielNoboaOk/status/1897380544067067964,"RT @Presidencia_Ec: Hoy, el presidente @DanielNoboaOk participó junto a @AgriculturaEc en la entrega de 57 títulos de propiedad de tierras…",595,155,89,2,24878,"March 5, 2025 at 08:15 PM"
1897039216401699164,https://x.com/DanielNoboaOk/status/1897039216401699164,"RT @Presidencia_Ec: Desde la provincia de Los Ríos, el presidente @DanielNoboaOk recorrió las zonas afectadas por las intensas lluvias. Dur…",681,155,141,2,26968,"March 4, 2025 at 09:39 PM"
1897038563906347182,https://x.com/DanielNoboaOk/status/1897038563906347182,"Hoy estuvimos en Los Ríos, no desde lejos, no con palabras, sino con hechos. Porque en los momentos más difíciles, un gobierno firme no duda ni espera: responde. 

Hoy entregamos títulos de propiedad a 191 familias de Los Ríos, que durante años han esperado convertirse en dueñas legítimas de sus tierras. Nuestra meta para el 2029 es otorgar 200 mil de estos entre créditos, títulos de propiedad y viviendas.",4789,1049,764,66,151166,"March 4, 2025 at 09:36 PM"
1897038113920442408,https://x.com/DanielNoboaOk/status/1897038113920442408,"RT @CynthiaGelliber: Presidente @DanielNoboaOk, como hoy, desde Pimocha, cantón Babahoyo, provincia de Los Ríos, he sido testigo de su comp…",885,216,0,12,26732,"March 4, 2025 at 09:35 PM"
1896643950985015564,https://x.com/DanielNoboaOk/status/1896643950985015564,"RT @ObrasPublicasEc: 📍#Sucre

Maquinaria, personal y asistencia humanitaria en la comunidad Cañitas, en Manabí. 

El ministro @RobertoLuque…",383,89,49,2,19432,"March 3, 2025 at 07:28 PM"
1896643051868893588,https://x.com/DanielNoboaOk/status/1896643051868893588,"Los momentos más duros nos exigen estar más firmes que nunca. Ecuador no está solo, y jamás lo estará.

Hoy damos un paso firme hacia la reconstrucción en Piñas: construiremos 150 casas para quienes lo perdieron todo en este cantón. Seguiremos trabajando sin descanso, porque cada ecuatoriano merece un gobierno que no los abandone, que esté en el frente de batalla con ellos y que se faje por su gente.",4964,1120,607,70,130684,"March 3, 2025 at 07:25 PM"
1896554624141910050,https://x.com/DanielNoboaOk/status/1896554624141910050,"RT @JohnReimberg: La delincuencia tiene los días contados!!

Con el ministro de Defensa Gian Carlo Loffredo, @PoliciaEcuador y @FFAAECUADOR…",457,108,122,3,21602,"March 3, 2025 at 01:33 PM"
1896554568689066333,https://x.com/DanielNoboaOk/status/1896554568689066333,"RT @MinInteriorEc: 🚨 𝗢𝗽𝗲𝗿𝗮𝘁𝗶𝘃𝗼 𝗖𝗼𝗯𝗿𝗮 

C𝗼𝗻𝘁𝘂𝗻𝗱𝗲𝗻𝘁𝗲 𝗰𝗼𝗻𝘁𝗿𝗮 𝗲𝗹 𝗰𝗿𝗶𝗺𝗲𝗻 𝗼𝗿𝗴𝗮𝗻𝗶𝘇𝗮𝗱𝗼

AHORA: Con cerca de 1000 policías y militares se desarrolla…",355,101,79,2,20889,"March 3, 2025 at 01:33 PM"
1896296116532191592,https://x.com/DanielNoboaOk/status/1896296116532191592,"RT @RobertoLuqueN: Ya en camino a Manabi, empezando por Portoviejo y luego visitaremos la comunidad de Cañitas, con todo el contingente nec…",838,210,142,10,45963,"March 2, 2025 at 08:26 PM"
1896291995737624887,https://x.com/DanielNoboaOk/status/1896291995737624887,"Cada año, Manabí enfrenta las mismas inundaciones, en los mismos cantones y barrios, producto de la falta de una planificación adecuada; pero el gobierno central no es conocido por quedarse en la comodidad de la excusa. He dado la instrucción para que el Ministerio de Transporte, con @RobertoLuqueN, y el Ministerio del Interior, con @JohnReimberg, se movilicen a esta provincia para coordinar una respuesta integral.

Más allá de las competencias, nuestro compromiso es trabajar juntos, sin descanso, para minimizar el impacto de estas lluvias y asegurar que las familias afectadas reciban el apoyo que merecen. Nos vemos pronto, Manabí.",5823,1107,1086,116,366572,"March 2, 2025 at 08:10 PM"
1896291381456605361,https://x.com/DanielNoboaOk/status/1896291381456605361,"RT @CynthiaGelliber: 🚨Hoy estuvimos en Naranjal y Taura junto a la gobernadora @zaidarovira , llevando apoyo a quienes más lo necesitan. En…",311,70,0,0,15539,"March 2, 2025 at 08:07 PM"
1896006701960061204,https://x.com/DanielNoboaOk/status/1896006701960061204,"Este invierno no da tregua. Tras una gran sequía, ahora enfrentamos lluvias intensas, y todos los niveles de gobierno deben estar a la altura con una planificación efectiva.

Hoy, un deslizamiento en Celica destruyó una vivienda y dejó personas atrapadas. Inmediatamente desplegamos equipos de rescate: @FFAAECUADOR, @Riesgos_Ec, @PoliciaEcuador y @BomberosEcuador trabajan sin descanso para salvar vidas.

@ViviendaEc tomará contacto con la familia afectada para apoyarlos en reconstruir su hogar. Seguiremos en alerta y actuando con rapidez para protegerlos, ecuatorianos.",4244,902,901,63,200937,"March 2, 2025 at 01:16 AM"
1895931260872331515,https://x.com/DanielNoboaOk/status/1895931260872331515,"RT @Adnecuadorok: ⛈️UN ADN SOLIDARIO SE ACTIVA 💜💪
Ecuador nos necesita y hoy más que nunca demostramos que somos un país de gente valiente,…",847,326,0,39,43513,"March 1, 2025 at 08:16 PM"
1895931073747665291,https://x.com/DanielNoboaOk/status/1895931073747665291,"RT @Riesgos_Ec: 📍 Presencia en el Alojamiento Temporal - Cantón #Piñas 

Nos encontramos en el Alojamiento Temporal - modalidad albergue “C…",285,99,54,2,21849,"March 1, 2025 at 08:16 PM"
1895928702158192929,https://x.com/DanielNoboaOk/status/1895928702158192929,"Sé que este momento es devastador para El Oro y Piñas. Dos vidas se han perdido, 10 viviendas han sido destruidas y más de 60 familias han visto cómo el lodo arrasaba con su hogar y sus recuerdos. No hay palabras que alivien el dolor, pero sí acciones que hagan la diferencia.

400 personas han sido alojadas en el Coliseo José Gallardo Moscoso y 40 damnificados están en refugios temporales. Activamos la Mesa Técnica de Trabajo 4: Asistencia Humanitaria para responder con hechos. 

Tal como ustedes merecen, todo el gabinete se encuentra en las 17 zonas de emergencia, entregando ayuda humanitaria, habilitando albergues, limpiando escombros y trabajando con CNEL para restablecer la electricidad. Junto a equipos de rescate y la Cruz Roja, seguimos evaluando daños y asegurándonos de que cada persona reciba la atención que necesita.

No están solos. No vamos a parar hasta que cada familia afectada tenga el apoyo necesario para levantarse y empezar de nuevo, junto a nosotros.",3482,787,500,66,146793,"March 1, 2025 at 08:06 PM"
1895928296975843800,https://x.com/DanielNoboaOk/status/1895928296975843800,"RT @Salud_Ec: ¡El #MSPEnTerritorio está presente en la provincia de El Oro! 🤝

Tras la emergencia presentada en el cantón Piñas, estamos co…",156,73,9,1,14554,"March 1, 2025 at 08:05 PM"
1895924620735496272,https://x.com/DanielNoboaOk/status/1895924620735496272,RT @ObrasPublicasEc: #ElOro | El ministro @RobertoLuqueN junto a autoridades locales realizan recorrido por las zonas afectadas en el cantó…,289,70,30,2,27215,"March 1, 2025 at 07:50 PM"
1895863363529556301,https://x.com/DanielNoboaOk/status/1895863363529556301,"RT @CynthiaGelliber: 🌧️💜LA COMUNA PROSPERIDAD NO ESTÁ SOLA: EL GOBIERNO ESTÁ AQUÍ 🚜
La lluvia no solo ha traído agua, también ha traído ret…",364,93,0,5,16649,"March 1, 2025 at 03:47 PM"
1895862154664034387,https://x.com/DanielNoboaOk/status/1895862154664034387,"Sé que la has pasado muy mal: primero la sequía y ahora las intensas lluvias. Entiendo lo difícil que es este momento para ti, tu familia y tu negocio.

Quiero que sepas que, para mí, lo más importante ahora es ayudar. Por eso, he dispuesto que te amplíen los plazos para tus obligaciones tributarias hasta abril, sin multas, sin recargos y sin intereses. En todas las provincias afectadas por las lluvias. 

Esto es lo que me han pedido, y es mi deber responder con acciones. Sepan que cuentan con mi respaldo y compromiso.",5671,1160,1272,181,324895,"March 1, 2025 at 03:42 PM"
1895703302953976263,https://x.com/DanielNoboaOk/status/1895703302953976263,"RT @Salud_Ec: ¡El Plan de Emergencia del MSP está activado en el cantón Piñas! Se encuentran alertas: 
🚑2 ambulancias de APH y 1 ambulancia…",256,92,14,2,18677,"March 1, 2025 at 05:11 AM"
1895702324443791379,https://x.com/DanielNoboaOk/status/1895702324443791379,"RT @Jorge_CarrilloT: @DanielNoboaOk De acuerdo a su disposición presidente se han activado los siguientes recursos:

1)Equipo de búsqueda y…",369,86,67,0,34480,"March 1, 2025 at 05:07 AM"
1895697027360833748,https://x.com/DanielNoboaOk/status/1895697027360833748,"RT @RecNaturalesEC: Señor Presidente, el equipo de @CNEL_EP desplegado en territorio, para atender la emergencia en Piñas y de esa forma as…",412,114,123,12,43254,"March 1, 2025 at 04:46 AM"
1895692389005820075,https://x.com/DanielNoboaOk/status/1895692389005820075,"RT @ObrasPublicasEc: Desde @ObrasPublicasEc, hemos activado el contingente necesario para atender la emergencia en el cantón Piñas. 

Nos s…",296,90,58,1,21345,"March 1, 2025 at 04:27 AM"
1895689695621005391,https://x.com/DanielNoboaOk/status/1895689695621005391,"RT @Riesgos_Ec: #ElOro📍
#Piñas 
Por fuertes lluvias, se ha registrado un aluvión en varios sectores de Piñas (Cdla Daquilema, La Susaya, Cd…",228,78,12,1,24002,"March 1, 2025 at 04:16 AM"
1895687266250736063,https://x.com/DanielNoboaOk/status/1895687266250736063,"RT @haburbano: @DanielNoboaOk Presidente, conforme su disposición el equipo de @InclusionEc en coordinación con @Riesgos_Ec se encuentra en…",404,69,44,4,26379,"March 1, 2025 at 04:07 AM"
1895681298011734412,https://x.com/DanielNoboaOk/status/1895681298011734412,"He ordenado el despliegue inmediato de todas las instituciones del Estado para atender la emergencia en El Oro, tras las intensas lluvias y el desbordamiento de ríos en Piñas. No vamos a esperar ni a debatir de quién es la competencia. Lo que importa es proteger a los ciudadanos y reducir los daños. Por eso, estamos actuando ahora.

El Gobierno está aquí para ayudarlos y no dará un paso atrás.

En este tuit se reportarán @Riesgos_Ec, @Salud_Ec, @InclusionEc, @ObrasPublicasEc, @RecNaturalesEC",8349,1622,1592,135,430451,"March 1, 2025 at 03:43 AM"
1895566984055832895,https://x.com/DanielNoboaOk/status/1895566984055832895,"La fe nos une en los momentos más difíciles. Hoy, el Papa Francisco enfrenta un desafío en su salud, y junto a millones de personas en el mundo, los ecuatorianos elevamos nuestras oraciones por su pronta recuperación.

Que nuestra esperanza y fe lo acompañen siempre.",6828,822,1095,75,220162,"February 28, 2025 at 08:09 PM"
1892939728183296444,https://x.com/DanielNoboaOk/status/1892939728183296444,Atención @TCE_Ecuador,4887,1131,2527,422,903197,"February 21, 2025 at 02:09 PM"
1888943841522130956,https://x.com/DanielNoboaOk/status/1888943841522130956,"Gracias, Ecuador. 

Gracias por la esperanza y el coraje de volver a creer que este país puede ser diferente. Ahora, a seguir luchando. https://t.co/GlbpcxsHFM",36377,6103,6288,637,1406204,"February 10, 2025 at 01:31 PM"
1888368743635706010,https://x.com/DanielNoboaOk/status/1888368743635706010,Con harto ají para mañana 🔥 https://t.co/C1aMl6KGnb,22474,1989,2538,223,1042731,"February 8, 2025 at 11:26 PM"
1887095328014311640,https://x.com/DanielNoboaOk/status/1887095328014311640,"Por años, hicieron de la justicia su juguete, protegiendo delincuentes y dejando indefensas a miles de familias. Eso terminó. He enviado una reforma parcial a la Constitución para fortalecer la prisión preventiva contra criminales terroristas y cualquiera relacionado a la delincuencia organizada.

En 2011, el correísmo nos vendió una consulta popular que debilitó a la prisión preventiva, abriendo las puertas al narcotráfico, las mafias y el crimen organizado... la línea entre la incompetencia y la complicidad nunca había sido tan fina. 

Terroristas, narcos, sicarios, mafias organizadas… No habrá más fugas, no habrá más excusas. Los jueces ahora tendrán las herramientas para encerrarlos.

Vamos por todos los corruptos.",11777,2603,3170,331,805526,"February 5, 2025 at 11:06 AM"
1886892240707911834,https://x.com/DanielNoboaOk/status/1886892240707911834,"A nuestros migrantes que están retornando:

Quiero que sepan que Ecuador los espera con los brazos abiertos. Por eso, hemos implementado un conjunto de medidas para apoyarlos y facilitar su reintegración: 

1️⃣ Transferencia de USD 470 mensuales durante tres meses para que puedan cubrir sus necesidades mientras se reintegran.
2️⃣ Programas de capacitación, estudios y becas, para abrirles nuevas oportunidades.
3️⃣ Asistencia integral para los ecuatorianos en situación irregular en Estados Unidos. 

Ecuador es su hogar. Aquí, juntos, construiremos un país que pueda ser lo que ustedes salieron a buscar. Aquí cuidamos de los nuestros. Bienvenidos al Nuevo Ecuador.",8825,1488,2533,355,951515,"February 4, 2025 at 09:39 PM"
1886837107869749344,https://x.com/DanielNoboaOk/status/1886837107869749344,"Lo prometimos en el Vaticano, y hoy cumplimos. 

Durante años otros gobiernos olvidaron a los Vicariatos de nuestro país, postergando cientos de proyectos. Ahora, hemos saldado una deuda olvidada de 2 millones de dólares, y ya realizamos el pago del primer millón para cubrir todos los pagos atrasados que se negaron a reconocer.

Son 8 los Vicariatos los que recibirán este apoyo para sostener la labor en los sectores más vulnerables de Aguarico, Napo, Puyo, Méndez, Esmeraldas, Sucumbíos, Zamora y Gálapagos.",5508,866,1754,301,480766,"February 4, 2025 at 05:59 PM"
1886503710269792539,https://x.com/DanielNoboaOk/status/1886503710269792539,"He dispuesto al bloque de seguridad se ejecuten las siguientes acciones:

1) Militarizar los puertos de manera inmediata.
2) Reforzar la presencia militar en la frontera norte y sur del país. Ante los intentos de desestabilización de grupos armados, desde el sábado 8 hasta el lunes 10 de febrero, las fronteras permanecerán cerradas.",8898,1734,2082,273,812333,"February 3, 2025 at 07:55 PM"
1886474542446461425,https://x.com/DanielNoboaOk/status/1886474542446461425,"Como demostramos estos días, el Nuevo Ecuador siempre ha estado abierto a la integración comercial, pero no cuando hay abuso. 

Ratificamos nuestra postura de firmar un Tratado de Libre Comercio con México. Pero, hasta que eso suceda y sea una realidad, vamos a aplicar un arancel del 27% a los productos que importamos, con el objetivo de promover nuestra industria y que exista un trato justo a nuestros productores.",4568,917,5551,815,1220099,"February 3, 2025 at 05:59 PM"
1886069828265320538,https://x.com/DanielNoboaOk/status/1886069828265320538,"Ecuador, lo hemos logrado.

Después de meses de intensas negociaciones, nuestro gobierno ha conseguido lo que ningún otro: Ecuador tendrá un acuerdo comercial con Canadá.

Este no es solo un tratado, es una victoria para nuestro país. Es una puerta abierta a nuevas oportunidades, más inversión y empleo para miles de ecuatorianos.

Con hechos, no con palabras, estamos haciendo realidad lo que otros solo intentaron.",14182,2380,1856,220,640508,"February 2, 2025 at 03:11 PM"
1885688241946313177,https://x.com/DanielNoboaOk/status/1885688241946313177,"Estamos en camino a Manabí para seguir con nuestra agenda, con la noticia de que la avanzada detuvo a 12 personas con indumentaria policial y militar, fusiles, municiones, un dron, y todo el equipo:  

▪︎ JUNIOR ARGENIS VERA MORALES

▪︎ CARLOS JULIO CEVALLOS FUENTES

▪︎ JULIO ANTONIO BRAVO FUENTES

▪︎ ANDY LISMAN TOALA VINCES 

▪︎ CESAR RODRIGO MERA BRAVO

▪︎ JOSE ELIAS RUIZ PINELA

▪︎ EDUARDO ALEXANDER HERRERA VINCES

▪︎ HENRY JEOL VERA LÓPEZ

▪︎ LUIS MIGUEL JARA ROLDAN

▪︎ YORLY IVAN BRAVO RENGIFO

▪︎ JOSE MIGUEL VELASQUEZ PONCE

▪︎ MABERIC JESUS LOPEZ BEMELLO 

Que retrocedan:

- Los narcoterroristas que quieren causar desestabilización.

- ⁠Los falsos demócratas que prefieren un país en ruinas pero ser parte de la toma de decisiones, en vez de un país que progrese del que no serán parte.

- ⁠Las viudas de los contratistas truchos del Estado cómo Downhole Tools y Telconet. 

- ⁠La prensa aliada a la banca, que al final del día siempre velarán por quienes los mantienen y atacaran al Nuevo Ecuador sin parar, especialmente al ver que estamos cerca de una victoria histórica.

Que retroceda el mal, porque nosotros, jamás vamos a retroceder.",10812,1817,1674,182,415247,"February 1, 2025 at 01:54 PM"
1884979670413672949,https://x.com/DanielNoboaOk/status/1884979670413672949,Cuando la desesperación te hace cometer errores… ahora quieren volver al Yeyo Uraga una cárcel. https://t.co/8UzwEETcB9,6645,1428,3647,529,1402863,"January 30, 2025 at 02:59 PM"
1884761628970791132,https://x.com/DanielNoboaOk/status/1884761628970791132,"Estamos a punto de enterrar para siempre a las mafias, a quienes nos han robado los sueños y han frenado el progreso del país.

El Ecuador de Muentes, Glas y Carrera ya quedó atrás. El viejo sistema de privilegios para unos pocos y miseria para muchos se acabó. Muy pronto tendremos la oportunidad de cambiar el destino de nuestras futuras generaciones, construyendo un país más justo, con dignidad, seguridad y progreso.

En 11 días, la voluntad del pueblo, TU voluntad, se hará sentir, y tendrás un Presidente luchador que no retrocede ante nada, y una Asamblea distinta que trabaja por el bienestar del pueblo. 

P.D.: Las cifras lo confirman, varias mediciones —las independientes, no las de contratistas del Estado resentidos, ni de banqueros que se oponen a este Gobierno— nos colocan a la cabeza en la intención de voto.",11864,2624,4510,450,992267,"January 30, 2025 at 12:32 AM"
1884336605944779216,https://x.com/DanielNoboaOk/status/1884336605944779216,"Le cerramos la puerta a la dictadura, a la corrupción y a todo aquello que amenaza la libertad y la justicia.

Por eso, junto con el presidente @EdmundoGU hemos decidido: 

1) Declarar al “Tren de Aragua” como grupo terrorista, para lograr una respuesta coordinada contra este flagelo. 

2) Detener el financiamiento a un régimen dictatorial. En respuesta a las sanciones contra el régimen de Nicolás Maduro, el Ecuador está dispuesto a vender hasta 250.000 barriles de petróleo diarios a las naciones que se ven obligados a comprarle. 

3) Firmar un convenio de cooperación entre nuestra Secretaría Anticorrupción y el equipo del legítimo presidente de Venezuela para poder compartir datos y luchar contra el narcotráfico, la minería ilegal, y la trata de personas. 

Estas decisiones son solo el comienzo para recuperar lo que la polarización sin sentido ha pretendido arrebatarnos.",19359,5103,2136,313,807042,"January 28, 2025 at 08:23 PM"
1881165128185561105,https://x.com/DanielNoboaOk/status/1881165128185561105,"Vota todo 7, y al Viejo Ecuador bótalo a la basura. 

#DanielNoboaPresidente #NoboaEc #UnaSolaVuelta https://t.co/YHnBVr9Eu7",13437,2695,1903,136,2011730,"January 20, 2025 at 02:21 AM"
1881164108210520287,https://x.com/DanielNoboaOk/status/1881164108210520287,"Para gobernar se necesita entender, después decir, y finalmente hacer. 

#DanielNoboaPresidente #NoboaEc #UnaSolaVuelta https://t.co/6rKGCSsS5l",6287,1294,929,61,1210935,"January 20, 2025 at 02:17 AM"
1881163631825719742,https://x.com/DanielNoboaOk/status/1881163631825719742,"Estamos recuperando al Estado. 

#DanielNoboaPresidente #NoboaEc #UnaSolaVuelta https://t.co/eSYohfnmlT",5860,1172,547,31,1220045,"January 20, 2025 at 02:15 AM"
1881163232054071477,https://x.com/DanielNoboaOk/status/1881163232054071477,"El Plan Fénix está funcionando, pero no se puede resolver en un año las décadas en las que entregaron a Ecuador a los narcos.

#DanielNoboaPresidente #NoboaEc #UnaSolaVuelta https://t.co/012E0zjyx9",8043,1627,861,78,1293274,"January 20, 2025 at 02:13 AM"
1881161047824097313,https://x.com/DanielNoboaOk/status/1881161047824097313,"Estamos luchando para que el pasado no vuelva. 

#danielnoboapresidente #noboaec #unasolavuelta https://t.co/CJohApWr80",8635,1642,870,66,1309432,"January 20, 2025 at 02:05 AM"
1878641858810876390,https://x.com/DanielNoboaOk/status/1878641858810876390,RT @Presidencia_Ec: A la ciudadanía: https://t.co/AVIQZVF4R6,7244,1123,1188,281,400925,"January 13, 2025 at 03:14 AM"
,,,0,0,0,0,0,
1877167070481150281,https://x.com/DanielNoboaOk/status/1877167070481150281,"RT @natalymorillos: Eduardo Franco Loor es miembro del #CPCCS, gracias a la votación de Construye y el PSC. Jugaron para la Revolución Ciud…",585,221,142,7,93540,"January 9, 2025 at 01:34 AM"
1877128010605686983,https://x.com/DanielNoboaOk/status/1877128010605686983,"Hoy, en reunión con María Corina Machado y Edmundo González, legítimo representante del pueblo venezolano, reiteré que Ecuador no será indiferente ante lo que vive Venezuela.

Garantizaremos el resguardo necesario para que los venezolanos en Ecuador puedan manifestarse pacíficamente y exigir libertad para su nación.

A quienes aún defienden el régimen de Maduro, les recuerdo que la historia siempre pone las cosas en su lugar.",25311,5907,1784,277,696728,"January 8, 2025 at 10:59 PM"
1875570160771461229,https://x.com/DanielNoboaOk/status/1875570160771461229,Ya papito descansa… https://t.co/CFEWLsYuh5,17394,3811,4585,761,1473632,"January 4, 2025 at 03:49 PM"
1870973857483632906,https://x.com/DanielNoboaOk/status/1870973857483632906,"Cero impunidad sea quien sea. Esa época fue otra. Y mientras yo sea presidente, no volverá. 

Como padre de familia y su comandante en jefe, dispuse que debe darse toda la colaboración necesaria a la justicia y respetar el carácter técnico de la investigación de Fiscalía.

He ordenado que se intensifiquen todas las acciones necesarias con el objetivo de dar con el paradero de los cuatro niños y que se encuentren a todos sus responsables para que respondan por sus actos frente a la justicia y al país.",8862,1725,3486,476,1073539,"December 22, 2024 at 11:25 PM"
1869488852437754312,https://x.com/DanielNoboaOk/status/1869488852437754312,RT @Presidencia_Ec: A la ciudadanía: https://t.co/NqxfMCDQ7L,3380,786,418,96,203925,"December 18, 2024 at 09:04 PM"
1866431572825821500,https://x.com/DanielNoboaOk/status/1866431572825821500,A los ecuatorianos: https://t.co/lDKT3KILci,12525,2335,2534,514,952771,"December 10, 2024 at 10:35 AM"
1866072744711922050,https://x.com/DanielNoboaOk/status/1866072744711922050,"Ya que su único vicio es la lectura @mashirafael, por favor dígame si le enviamos una copia de estos documentos a Bélgica, México o Venezuela para que los lea:

1) Su sentencia condenatoria (junto a Jorge Glas y Walter Solís) por cohecho en el Caso Sobornos
 https://t.co/V9eAGtHCQP

2) Auditoría de la Refinería del Pacífico con glosa por más de 1200 millones 
https://t.co/elG53Qzbpf

3) Su revocatoria de Visa por casos de corrupción
https://t.co/NGA1uxHfDZ

4) Caso “Reconstrucción” de Manabí, por el que hasta dictaron prisión preventiva para Jorge Glas 
https://t.co/Ry9rcXbDBm

5) Caso Metástasis. Su gran operador en el sistema de justicia: Wilman Terán
https://t.co/uHkhWefB8X

6) Informe de “Las casas invisibles” de la RC en Manabí y Esmeraldas.",20994,5815,4704,935,2163442,"December 9, 2024 at 10:49 AM"
1861924996815176128,https://x.com/DanielNoboaOk/status/1861924996815176128,"Les dejo el decreto que da paso para que la Asamblea trate la reforma parcial a la constitución y que el Estado deje de financiar campañas políticas. 

Para que se pongan las pilas. https://t.co/aYPfVVercx",8258,1776,1668,244,550861,"November 28, 2024 at 12:08 AM"
1861127176818471314,https://x.com/DanielNoboaOk/status/1861127176818471314,RT @CancilleriaEc: Comunicado oficial | Gobierno del Ecuador felicita a Yamandú Orsi (@OrsiYamandu) por su triunfo en las elecciones presid…,312,41,82,7,60821,"November 25, 2024 at 07:17 PM"
1860851809423667320,https://x.com/DanielNoboaOk/status/1860851809423667320,"Hace un año asumimos el reto de levantar a un Ecuador sumido en el abandono, y en las garras del narcoterrorismo 🇪🇨

Desde el primer día, hemos dado la cara por el país. No nos hemos doblegado, y no está en nuestros planes hacerlo. https://t.co/z9RaQHs9l2",5113,1211,1887,346,780350,"November 25, 2024 at 01:03 AM"
1860851735662571596,https://x.com/DanielNoboaOk/status/1860851735662571596,"RT @Presidencia_Ec: #UnAñoDeGestión y trabajo por el bienestar de todos los ecuatorianos.

#ElNuevoEcuadorNoSeDetiene 🇪🇨💪 https://t.co/lyFV…",1620,366,500,24,79355,"November 25, 2024 at 01:03 AM"
1860028910223917141,https://x.com/DanielNoboaOk/status/1860028910223917141,"RT @Presidencia_Ec: El Gobierno de #ElNuevoEcuador destinó USD 3,56 millones a 19 GAD del país para completar 22 proyectos esenciales en ag…",1083,238,232,11,55878,"November 22, 2024 at 06:33 PM"
1859762132025557456,https://x.com/DanielNoboaOk/status/1859762132025557456,Ellos van a estar donde se lo merecen: en la Cárcel del Encuentro. https://t.co/dlw1jqXET2,4850,921,1133,111,257893,"November 22, 2024 at 12:53 AM"
1859678091481842057,https://x.com/DanielNoboaOk/status/1859678091481842057,"Hoy, en un contexto donde ciertos sectores intentan desestabilizar al Gobierno mediante movilizaciones, surge un hecho que no podemos ignorar.

En Quito se retuvo a dos mujeres que llegaban de Panamá transportando USD 2 millones en efectivo como si fuera algo común. ¿Coincidencia? 

He dado la orden para que el Ministerio de Economía, concluido el proceso de extinción de dominio, use esos recursos para la preservación patrimonial del centro histórico de Quito.",7562,1804,2867,484,1062170,"November 21, 2024 at 07:19 PM"
1859651644750729251,https://x.com/DanielNoboaOk/status/1859651644750729251,"En marzo le hice una promesa a los jóvenes de Santo Domingo: que tendrían su propia universidad, a pesar de que se ensañaron en negársela. Votando incluso en contra. Felicito a los asambleístas que recapacitaron, al punto de querer, incluso, ser “proponentes del proyecto”. Me alegra haberlos contagiado con el ímpetu de cumplir los sueños de nuestros jóvenes.

La Universidad de Santo Domingo ya cuenta con partida presupuestaria y, desde hoy, es una realidad.",3175,688,569,41,170376,"November 21, 2024 at 05:34 PM"
1856516955181584619,https://x.com/DanielNoboaOk/status/1856516955181584619,"Han sido solo meses, aunque algunos piensen que llevamos años.
Bienvenido, De La Gasca. Esto es lo que ha pasado en Ecuador en 11 meses:

1) La canallada dentro del gobierno: se investigan las cuentas en paraísos fiscales del hijo de la vicepresidenta, son $7.2 millones. 

2) El que estuvo escondido a plena vista: investigan al alcalde de Guayaquil por subfacturación y tráfico ilegal de combustible subsidiado.

3) Logramos reducir drásticamente la tendencia de homicidios en el país.

4) Estabilizamos la grave crisis económica heredada: reactivamos la cadena de pagos a proveedores ($12,752 millones pagados); las exportaciones han crecido 11.3%, y hemos roto récords en el sector petrolero (el ingreso se incrementó de $45 millones en enero a $326 millones en octubre, que significan $111millones más).

5) Estamos luchando contra las mafias que se tomaron el sector eléctrico hace décadas.

6) Hemos entregado más de 100 mil becas a jóvenes y creado el programa Jóvenes en Acción.

7) Lo imposible ha pasado: el Viejo Ecuador, que no se ponía de acuerdo en nada, se ha unido para atacarnos… Pero todos saben que solo se ataca al que va arriba.

Hay mucho trabajo por hacer, ministro.",7503,1421,4273,473,1184340,"November 13, 2024 at 01:58 AM"
1856514896168378719,https://x.com/DanielNoboaOk/status/1856514896168378719,"RT @Presidencia_Ec: ¡Hoy es un gran día para nuestros agricultores de la costa ecuatoriana!

El Ministerio de @AgriculturaEc entregó camion…",532,150,281,5,70275,"November 13, 2024 at 01:50 AM"
1855757555445944472,https://x.com/DanielNoboaOk/status/1855757555445944472,"La emergencia climática ha convertido a la energía en nuestra primera prioridad. Por eso, he tomado la decisión de enviar como delegado del Gobierno a @ArturoFelixWong a Colombia, con el propósito de ejecutar la compra de energía para Ecuador.",5577,724,4059,479,1185449,"November 10, 2024 at 11:40 PM"
1855015835204452614,https://x.com/DanielNoboaOk/status/1855015835204452614,"Ya estaban tardando…

Ahora resulta que no quieren que la XXIX Cumbre Iberoamericana sea en Cuenca. Quieren que el reconocimiento internacional, el turismo y la reactivación económica vaya hacia otro lado. 

Rechazar la Cumbre por un delincuente, no solo es absurdo, sino que demuestra un claro desprecio por el bienestar de Cuenca y de los ecuatorianos.

Pero todos sabemos cómo son 🤷",6567,1183,2026,149,522767,"November 8, 2024 at 10:33 PM"
1854337311980376541,https://x.com/DanielNoboaOk/status/1854337311980376541,"Por décadas el sentido de la justicia no ha existido cuando se trata de la distribución de recursos y servicios públicos.

Hoy he enviado una reforma parcial a la Constitución para corregir este error donde propongo remover a las personas privadas de libertad de los grupos de atención prioritaria. Prioridad solo para quienes lo necesitan y lo merecen.",8385,1498,1346,220,607538,"November 7, 2024 at 01:37 AM"
1854197866803454305,https://x.com/DanielNoboaOk/status/1854197866803454305,"Increíble pero cierto: el PSC y SUMA entregaron al correísmo, quienes se oponen a las bases extranjeras, la presidencia de la comisión que decidirá sobre ellas…

Cómo intentan revivir el pasado.",5719,1257,2393,259,571896,"November 6, 2024 at 04:23 PM"
1854145115398267309,https://x.com/DanielNoboaOk/status/1854145115398267309,Congratulations to @realDonaldTrump! Future looks bright for the Continent,13748,1829,1372,532,622255,"November 6, 2024 at 12:53 PM"
1851141463964336290,https://x.com/DanielNoboaOk/status/1851141463964336290,"RT @Presidencia_Ec: El presidente @DanielNoboaOk participó de la entrega de armamento incautado. Estas armas, que no servirán nunca más par…",1050,180,298,13,95500,"October 29, 2024 at 05:58 AM"
1849637850028950016,https://x.com/DanielNoboaOk/status/1849637850028950016,Sé que en estos momentos hay muchas dudas e inquietudes sobre hacia dónde se dirige Ecuador en materia energética. Confío que este sea el espacio para aclararlas.,5317,750,5752,472,996174,"October 25, 2024 at 02:23 AM"
1849611268446965844,https://x.com/DanielNoboaOk/status/1849611268446965844,"Hasta que logremos concretar el cambio de matriz energética, debemos responder ante las condiciones climáticas que hoy son sumamente atípicas e impredecibles. https://t.co/Ouh8sUnDWC",3774,806,3042,523,915692,"October 25, 2024 at 12:37 AM"
1849236727078264979,https://x.com/DanielNoboaOk/status/1849236727078264979,"Bienvenida a casa, Mónica. 
Te estábamos esperando.

@Palencia3Monica https://t.co/I96ox2HmIS",8659,1126,1677,238,583554,"October 23, 2024 at 11:49 PM"
1849195289590067479,https://x.com/DanielNoboaOk/status/1849195289590067479,"RT @Presidencia_Ec: Capturados cabecillas de Los Tiguerones. Una efectiva colaboración de la @PoliciaEcuador y @guardiacivil de España, per…",2885,606,318,19,133665,"October 23, 2024 at 09:04 PM"
1849194083362717940,https://x.com/DanielNoboaOk/status/1849194083362717940,"Hoy, armas incautadas en altamar, en Galápagos, pasan a ser bienes del Estado para combatir al crimen organizado. 122 fusiles, 48 pistolas, y una radiobaliza, estarán en las manos de nuestros militares. Nunca más en las de delincuentes, ni oxidándose en una bodega. 

Hoy Ecuador y su bloque de seguridad pueden tener en sus manos lo que por años otros intentaron negarles, quienes durante décadas intentaron fortalecer al bando contrario. 

Esto es gracias a ustedes, al apoyo a la consulta popular y a este gobierno, que todos los días lucha para hacer cumplir su palabra.",5348,1032,823,106,261660,"October 23, 2024 at 09:00 PM"
1848716124961046895,https://x.com/DanielNoboaOk/status/1848716124961046895,"Tomé la decisión de cancelar la visita oficial a Brasil, donde tenía previsto participar en los Foros de Cambio Climático. 

No voy a dejar a Mónica Palencia sola, voy a acompañarla en todo su camino. Estoy seguro que la Canciller representará a la altura al Ecuador, buscando soluciones regionales a la crisis energética, mientras yo la enfrento acá con el resto del equipo. 

Estamos atravesando momentos que nos desafían como país; con determinación y  frontalidad, tenemos que enfrentarlos.",7030,977,2688,338,716758,"October 22, 2024 at 01:20 PM"
1847455661019328870,https://x.com/DanielNoboaOk/status/1847455661019328870,"RT @Presidencia_Ec: Conoce las acciones, a mediano plazo,👇que el Gobierno del presidente @DanielNoboaOk realiza para garantizar un futuro c…",1098,240,607,28,93249,"October 19, 2024 at 01:52 AM"
1846222115667955916,https://x.com/DanielNoboaOk/status/1846222115667955916,"Hoy, junto a @inesmanzano , damos el primer paso para que el subsidio a la electricidad no vaya a los mayores consumidores. Las mineras en Ecuador consumen más energía de la que necesita un hospital para operar. Y aún así, su tarifa de energía ha sido subsidiada por el Estado. 

Ese subsidio incongruente e injusto que han tenido las mineras, no va más. Los subsidios deben ir a quien más los necesita. Con sentido de justicia y acciones, estamos arreglando el sistema roto que nos dejaron. No pararemos.",4731,943,1629,231,523544,"October 15, 2024 at 04:10 PM"
1844849109137522995,https://x.com/DanielNoboaOk/status/1844849109137522995,RT @Presidencia_Ec: Para enfrentar la crisis energética actual se han tomado acciones concretas para atender las necesidades de las familia…,477,128,646,29,92897,"October 11, 2024 at 09:14 PM"
1839854944091844931,https://x.com/DanielNoboaOk/status/1839854944091844931,"María José y yo, así cómo muchos, sufrimos del Ecuador de ayer, hoy, luchamos por el Ecuador del mañana. 

No es momento de celebración, pero sí de reafirmar el compromiso que tenemos con nuestro país. Por eso, sin dudar, hemos inscrito nuestro binomio presidencial ante el CNE para la elección.

@Adnecuadorok 
@mjpintoec",4089,682,2254,285,509935,"September 28, 2024 at 02:29 AM"
1838750514491629625,https://x.com/DanielNoboaOk/status/1838750514491629625,"He cancelado la agenda que tenía que cumplir como mandatario en la ONU. Quito nos necesita a todos. Regreso para comandar todos los esfuerzos ante el enemigo al que nos enfrentamos.

Vivimos la peor coyuntura climática en décadas, lo que amerita decisiones urgentes a todos los niveles de Gobierno.

Si se encuentra que esto ha sido causado intencionalmente, los implicados serán procesados por terrorismo.

Ecuador: la adversidad nos encontrará más determinados que nunca.",12701,2050,3108,402,765642,"September 25, 2024 at 01:20 AM"
1838710147738161571,https://x.com/DanielNoboaOk/status/1838710147738161571,"Queridos quiteños:

En este momento las Fuerzas Armadas se encuentran en Guápulo, he dispuesto la movilización de todo el contingente necesario. Los helicópteros vendrán en apoyo apenas sea seguro para los pilotos emprender su misión. 

En el puesto de mando unificado están el ministro de Gobierno, de Defensa y de Ambiente en coordinación y apoyo al Municipio y el alcalde. El Secretario de Riesgos movilizándose. No hay espacio para posturas políticas, todos tenemos que ejecutar acciones para salvar al Ecuador de la sequía que atraviesa.",8887,1669,2023,238,920024,"September 24, 2024 at 10:40 PM"
1837550812462993678,https://x.com/DanielNoboaOk/status/1837550812462993678,"RT @Presidencia_Ec: El dinero de los ecuatorianos no volverá a ser mal gastado en financiar candidatos.

El proyecto de reforma parcial a l…",1875,544,715,66,136986,"September 21, 2024 at 05:53 PM"
1837550800257663220,https://x.com/DanielNoboaOk/status/1837550800257663220,"RT @Presidencia_Ec: A la ciudadanía: 

#ElNuevoEcuadorResuelve https://t.co/2qKw9KzMU6",4327,958,634,210,198666,"September 21, 2024 at 05:53 PM"
1835737547231969400,https://x.com/DanielNoboaOk/status/1835737547231969400,"A Ecuador no le hacían falta oportunidades, sino honestidad y voluntad política.

Por eso, hoy presentaremos un Proyecto de Reforma Parcial a la Constitución en la Asamblea Nacional que modifique el artículo 5, el cual prohíbe el establecimiento de bases militares extranjeras y de instalaciones con fines militares en Ecuador.",8489,2205,2921,582,1106560,"September 16, 2024 at 05:48 PM"
1833135379077038446,https://x.com/DanielNoboaOk/status/1833135379077038446,"Esta nueva generación está haciendo realidad lo que antes parecía imposible.

Hoy, tras haber tomado medidas responsables que han estabilizado la economía. Hoy, que estamos vendiendo más al mundo y que hemos recuperado la confianza internacional, podemos ofrecer #AliviosEconómicos a las familias ecuatorianas.

Por ello, este gobierno se hará cargo de las planillas de electricidad de los hogares hasta 180 kW en diciembre, enero y febrero.

Es nuestro turno de creer en ustedes, como ustedes creyeron en nosotros.",3589,748,1673,179,284063,"September 9, 2024 at 01:28 PM"
1833134575511314789,https://x.com/DanielNoboaOk/status/1833134575511314789,"RT @CmdtPoliciaEc: Gracias al accionar policial, neutralizamos a Joao J, causante de varias muertes violentas en el cantón Shushufindi. Fel…",1230,250,99,6,76093,"September 9, 2024 at 01:25 PM"
1832057854007857462,https://x.com/DanielNoboaOk/status/1832057854007857462,La historia nos está mirando de frente y nos pregunta de qué lado queremos estar. https://t.co/hcrHxazBpM,5479,1396,2176,427,937061,"September 6, 2024 at 02:06 PM"
1827887337428201814,https://x.com/DanielNoboaOk/status/1827887337428201814,"RT @CmdtPoliciaEc: En 2 días hemos aprehendido a 37 GDO; entre ellos a ALAN,  líder de Los Águilas. Se abatió a alias ""Quevedo"" en un opera…",2436,562,360,28,101239,"August 26, 2024 at 01:54 AM"
1826672376966439201,https://x.com/DanielNoboaOk/status/1826672376966439201,No seré un testigo pasivo de la indolencia y la incoherencia de un sistema que procesa a un joven universitario por defender su vida y la de sus acompañantes cuando fue agredido por cuatro delincuentes armados. https://t.co/T2S9gU5N0x,17316,3892,2741,552,671438,"August 22, 2024 at 05:26 PM"
1826633722906501391,https://x.com/DanielNoboaOk/status/1826633722906501391,"Michael Morales sabe cómo hacer historia y va por más.

Este sábado tiene la pelea más importante de su carrera, con la oportunidad de entrar en el ranking de la UFC. Todos los ojos deberían estar sobre él. Con solo 25 años, está invicto con 16 peleas, ganando más de la mitad por nocaut. Una máquina.

No solo se representa a sí mismo, sino a todo un país que ahora sigue sus pasos con orgullo. Si este mes nos ha enseñado algo, es que Ecuador es tierra de campeones.

Ecuador está contigo. ¡Vamos, campeón!",4265,561,721,77,193359,"August 22, 2024 at 02:53 PM"
1825705119230439787,https://x.com/DanielNoboaOk/status/1825705119230439787,RT @BancadaADN: 🟣COMUNICADO🟣 https://t.co/6dpIUw7LLi,998,253,323,58,217794,"August 20, 2024 at 01:23 AM"
1823135757264916648,https://x.com/DanielNoboaOk/status/1823135757264916648,"Es hora de que nuestro país tome impulso hacia un nuevo futuro, es hora de dejar atrás las cargas que durante años otros gobiernos han puesto sobre los ecuatorianos.

#LaCorrupciónCaducó https://t.co/NGPLrmRVOm",3183,738,1746,205,271672,"August 12, 2024 at 11:13 PM"
1821579773581443110,https://x.com/DanielNoboaOk/status/1821579773581443110,"Estamos librando una guerra que debería ser la del Ecuador entero, pero hoy no lo es. 

Hoy quedaron en evidencia: prefieren ver a Ecuador arder, con tal de reinar sobre sus cenizas. https://t.co/RFEBsnsqWJ",9501,2310,2075,238,794654,"August 8, 2024 at 04:10 PM"
1821262902227259787,https://x.com/DanielNoboaOk/status/1821262902227259787,"RT @Presidencia_Ec: Con la entrega de más de 1.700 fusiles de última generación a la Policía Nacional, se fortalecerá su trabajo en la prot…",639,148,443,34,81408,"August 7, 2024 at 07:11 PM"
1821229418146132172,https://x.com/DanielNoboaOk/status/1821229418146132172,"Gracias, @danielpintado1 y @MorejonGlenda, hoy hicieron historia para Ecuador.

Hoy abrieron la puerta para que miles de jóvenes sueñen con llegar a donde ustedes están. Hoy, en 42 km, tuvieron al Ecuador entero apoyándolos. 

Ecuador quiere honrarlos, y por eso cada uno recibirá la nueva compensación individual por este gran logro, como muestra de nuestro apoyo y reconocimiento.",7721,775,883,69,328871,"August 7, 2024 at 04:58 PM"
1820945898311958788,https://x.com/DanielNoboaOk/status/1820945898311958788,"Nos dicen “novatos”,  pero para nosotros es un cumplido porque la forma de hacer política del Viejo Ecuador no funcionó. 

Durante muchos años el Ecuador ha sido gobernado por ladrones. En este gobierno, la corrupción caducó. #LaCorrupciónCaducó https://t.co/rIlScHG5Um",4362,987,1936,343,571576,"August 6, 2024 at 10:11 PM"
1819438950718582795,https://x.com/DanielNoboaOk/status/1819438950718582795,A la ciudadanía: https://t.co/P9AfUi7ny9,27068,7744,2155,456,991406,"August 2, 2024 at 06:23 PM"
1818993449452061033,https://x.com/DanielNoboaOk/status/1818993449452061033,"Gracias @danielpintado1 por invitarnos nuevamente a soñar, por llevar en alto el nombre de nuestro país. 

Ecuador sigue rompiéndola, hoy más que nunca nos levantamos inspirados, reconociendo nuestro verdadero potencial como ecuatorianos para construir el país que tanto merecemos.",8452,843,1225,131,310188,"August 1, 2024 at 12:53 PM"
1818016827051753980,https://x.com/DanielNoboaOk/status/1818016827051753980,"RT @nicolesacaB: Primero los protegen de rendir cuentas y ahora comparten sus declaraciones🤔🤔

El #PactoPorLaImpunidad entre RC y Lasso est…",168,33,46,2,69970,"July 29, 2024 at 08:12 PM"
1817891937979887671,https://x.com/DanielNoboaOk/status/1817891937979887671,"En toda la región, hay políticos que intentan aferrarse al poder y que pretenden arrebatarle la paz a nuestros ciudadanos. Eso es a lo que nos enfrentamos, ese es el peligro de la dictadura, y hoy somos testigos de cómo uno más de ellos intenta arrebatarle la esperanza a millones de venezolanos.

Ecuador tuvo la oportunidad de impedir que los intereses de unos pocos se impongan ante la voluntad de millones. Venezuela se merece esa oportunidad; por ello, he solicitado a nuestra canciller que realice las gestiones necesarias para convocar al Consejo Permanente de la OEA para tratar la delicada situación que vive Venezuela.",25107,7971,2280,452,1336465,"July 29, 2024 at 11:56 AM"
1816989542483714535,https://x.com/DanielNoboaOk/status/1816989542483714535,La voluntad del pueblo es sagrada y quienes no resulten favorecidos en las urnas deben respetar ese mandato y retirarse del poder. https://t.co/DLqszm8bq1,7468,2111,1399,216,450326,"July 27, 2024 at 12:10 AM"
1815467658202304787,https://x.com/DanielNoboaOk/status/1815467658202304787,"Nerón, no sabía que aparte de amargado eras celoso.",2954,315,999,88,350679,"July 22, 2024 at 07:23 PM"
1815454816069460034,https://x.com/DanielNoboaOk/status/1815454816069460034,"Hoy le tocó a @marcelaguinaga 🇪🇨

El Viejo Ecuador durante años se encargó de dividir al Guayas y le negó oportunidades de progreso. Hoy, este gobierno, da la cara y trabajamos juntos por nuestra provincia: haciendo lo que se debe hacer. 

Pensando en los guayasenses hemos entregado una garantía soberana por $50 millones de dólares para programas de riego, vías y vivienda.

¡En Guayas el nuevo Ecuador resuelve! 💪🏻",2086,265,1026,137,273375,"July 22, 2024 at 06:32 PM"
1815452534250844329,https://x.com/DanielNoboaOk/status/1815452534250844329,"RT @Presidencia_Ec: ¡#ElNuevoEcuadorResuelve con recursos para las provincias! 🇪🇨👏

El presidente @DanielNoboaok participó en la entrega fi…",403,116,133,4,51929,"July 22, 2024 at 06:23 PM"
1814095071538827399,https://x.com/DanielNoboaOk/status/1814095071538827399,"Sus sonrisas son el testimonio del trabajo que el Viejo Ecuador intenta minimizar.

Ellos nunca reconocieron su deuda con SOLCA y nos llevaron directamente a una situación dolorosa e insostenible para los pacientes con cáncer en el país.

Nosotros actuamos para resolver: no estamos aquí para buscar justificaciones inexistentes; nuestro compromiso es buscar soluciones. En lo que va del 2024, hemos desembolsado 73 millones a SOLCA a través del MSP y el IESS.

Gracias por el cariño, estamos aquí para ustedes.",2521,383,1009,85,229080,"July 19, 2024 at 12:29 AM"
1813594680224870444,https://x.com/DanielNoboaOk/status/1813594680224870444,"Este es el primer paso para la toma definitiva de Durán por parte del Gobierno Central.

Hemos intervenido el sector La Delia con 1,100 efectivos militares y policiales, y encontramos una oficina paralela al Municipio de Durán desde la cual se realizaban trámites que contribuían al tráfico de tierras y negocios ilícitos.

Quiero que sepan que no tenemos miedo, no le debemos nada a nadie y no venimos con promesas de un día. Nosotros estamos aquí con acciones. El viejo Ecuador quiere que Durán siga siendo una sede del narcotráfico, y hoy estamos aquí para enfrentarlos de una vez por todas.",5521,892,1461,187,515381,"July 17, 2024 at 03:20 PM"
1812957792442982907,https://x.com/DanielNoboaOk/status/1812957792442982907,"Después de un terremoto y de políticos que lucraron de la tragedia, Manabí finalmente se levanta 🇪🇨.

Hoy, con @Leoorlandoa en Jipijapa, dejamos atrás los cucos viejos y seguimos adelante. En esta semana, hemos entregado garantías soberanas para las deudas más grandes que el Viejo Ecuador dejó en la provincia:

✅ GAD PROVINCIAL: se construirá el proyecto vial más grande de la historia de esta provincia, con 118 km.

✅ PORTOVIEJO: Destinamos 50 millones para una deuda que lleva años en el cantón: el proyecto integral sanitario para Portoviejo, que beneficiará a 60 mil manabitas.

Hemos cumplido y seguiremos cumpliendo las promesas que muchos, con engaños, dejaron en el aire para esta provincia.",2521,404,1262,147,397024,"July 15, 2024 at 09:09 PM"
1812291203767116038,https://x.com/DanielNoboaOk/status/1812291203767116038,"Lo que ha sucedido hoy en los Estados Unidos es inadmisible. Mi solidaridad con @realDonaldTrump y su familia en este momento.  

Este es un ejemplo crítico de a lo que nos exponemos todos los días.",6431,1105,1149,170,331130,"July 14, 2024 at 01:01 AM"
1810439706020344059,https://x.com/DanielNoboaOk/status/1810439706020344059,"RT @BancadaADN: Las prácticas de la #viejapolítica:

Antes: apoyo a juicios políticos de ministros de Lasso.
Después: retiro de firmas de P…",311,99,215,10,126622,"July 8, 2024 at 10:23 PM"
1808936226872758576,https://x.com/DanielNoboaOk/status/1808936226872758576,"RT @SolcaGuayaquil: En nuestro nombre y el de los pacientes, agradecemos públicamente al presidente @DanielNoboaOk por su inmediata  interv…",1045,251,225,60,110636,"July 4, 2024 at 06:49 PM"
1808479970735398912,https://x.com/DanielNoboaOk/status/1808479970735398912,RT @AlegriaCrespo: El currículo es la columna vertebral del plan de enseñanza y aprendizaje; y necesita ser modificado con reales fundament…,858,195,288,48,135861,"July 3, 2024 at 12:36 PM"
1807596138821742647,https://x.com/DanielNoboaOk/status/1807596138821742647,"Felicito a los jugadores y al técnico por el esfuerzo y entrega demostrado en este partido. El país, en el conflicto en el que está, necesitaba de esta gran alegría. 

Hoy, todos los ecuatorianos estamos orgullosos de nuestro equipo y nuestro país. 

P.D: todos los ecuatorianos menos el prófugo, amargado y sufridor que pedía que México invada y bloquee el puerto de Guayaquil.",35868,6573,6121,2118,2702769,"July 1, 2024 at 02:04 AM"
1807540114526220485,https://x.com/DanielNoboaOk/status/1807540114526220485,"El Viejo Ecuador y sus personajes más nefastos se siguen protegiendo los unos a los otros.

Son capaces de salvar a exministros con procesos en Contraloría y en Fiscalía. Los que nos llevaron directamente al desastre fiscal. Ese es el Viejo Ecuador, para quienes aún se lo preguntan.

Hoy el Correismo, Psc y Construye acordaron mandarse abajo los juicios contra los alfiles de Lasso: Pablo Arosemena, Sebastián Corral y Andrea Montalvo. Todo para apresurar un juicio contra la mujer que ha tenido que tomar decisiones diplomáticas que nadie más se habría atrevido: Gabriela Sommerfeld.

Son capaces de perdonar lo imperdonable, justificar lo injustificable, y solapar lo vergonzoso, con tal de tener monedas de cambio. No se confundan, nosotros no pactamos con la impunidad.",4243,850,1543,138,645786,"June 30, 2024 at 10:22 PM"
1807202338752590004,https://x.com/DanielNoboaOk/status/1807202338752590004,Al país: https://t.co/U2e6e46fbD,10946,2812,2673,426,922219,"June 29, 2024 at 11:59 PM"
1806884144271532158,https://x.com/DanielNoboaOk/status/1806884144271532158,RT @SolcaGuayaquil: Nos complace en anunciar que reanudamos la atención a nuevos pacientes del @IESSec tras alcanzar un acuerdo amistoso co…,1121,374,148,63,121816,"June 29, 2024 at 02:55 AM"
1806673775489864143,https://x.com/DanielNoboaOk/status/1806673775489864143,"RT @RobertoLuqueN: Ecuador gasta millones en comprar diésel para quemarlo y generar energía. Esto es caro y contaminante.

Desde el Gobiern…",805,264,212,22,141507,"June 28, 2024 at 12:59 PM"
1805624479013392631,https://x.com/DanielNoboaOk/status/1805624479013392631,Al país: https://t.co/sC0aC673E7,11654,1787,3705,415,823986,"June 25, 2024 at 03:29 PM"
1805624350692774385,https://x.com/DanielNoboaOk/status/1805624350692774385,RT @RobertoLuqueN: Hemos realizado el primer corte de registros en la plataforma para la compensación. Hasta las 23:59 del 24 de junio de 2…,191,46,62,4,51454,"June 25, 2024 at 03:29 PM"
1802917282244374832,https://x.com/DanielNoboaOk/status/1802917282244374832,"RT @Presidencia_Ec: La toma de decisiones rápidas y oportunas, ha sido fundamental para las #SolucionesEnTerritorio.

La atención a las fam…",444,103,270,11,81318,"June 18, 2024 at 04:12 AM"
1802916981382734304,https://x.com/DanielNoboaOk/status/1802916981382734304,"RT @ObrasPublicasEc: Desde temprano maquinaria y personal trabajan en la remoción de lodo, a causa del aluvión, en el ingreso a la Central…",205,42,45,1,69293,"June 18, 2024 at 04:11 AM"
1802560387625189846,https://x.com/DanielNoboaOk/status/1802560387625189846,"RT @Presidencia_Ec: ACTUALIZACIÓN | El Gobierno Nacional establece su Puesto de Mando Unificado, encabezado por el secretario Arturo Félix…",271,76,61,4,66305,"June 17, 2024 at 04:34 AM"
1802519723172626701,https://x.com/DanielNoboaOk/status/1802519723172626701,RT @RobertoLuqueN: ACTUALIZACIÓN EMERGENCIA EN BAÑOS Y SITUACIÓN ENERGÉTICA DEL PAÍS. https://t.co/Z5qayvupUz,1315,390,170,60,237734,"June 17, 2024 at 01:52 AM"
1802519658395812196,https://x.com/DanielNoboaOk/status/1802519658395812196,"RT @Presidencia_Ec: El Gobierno Nacional, encabezado por el Secretario Arturo Félix Wong, junto al ministro @RobertoLuqueN y el Secretario…",190,30,6,0,48849,"June 17, 2024 at 01:52 AM"
1802442494711325126,https://x.com/DanielNoboaOk/status/1802442494711325126,RT @RobertoLuqueN: Estamos atendiendo las emergencias ocurridas en Baños de Agua Santa desde temprano y reforzando el contingente del MTOP…,350,78,30,2,66956,"June 16, 2024 at 08:45 PM"
1802439566063710435,https://x.com/DanielNoboaOk/status/1802439566063710435,"RT @Presidencia_Ec: ACTUALIZACIÓN | información preliminar:

Ante la crítica situación presentada en las zonas 2, 3, 6 y 9 del país, el gob…",194,51,18,0,41559,"June 16, 2024 at 08:34 PM"
1800870266723324116,https://x.com/DanielNoboaOk/status/1800870266723324116,"RT @Presidencia_Ec: ¡Acciones concretas para conexiones viales en el país! 🇪🇨🛣️

Ahora la provincia de Chimborazo tiene 2 puentes Bailey co…",202,46,106,1,34941,"June 12, 2024 at 12:38 PM"
1800511237736042667,https://x.com/DanielNoboaOk/status/1800511237736042667,"RT @Presidencia_Ec: Cero muertes violentas en Manta desde que el Bloque de Seguridad coordina operaciones con base en esta ciudad.

Las Fue…",512,119,399,23,69747,"June 11, 2024 at 12:51 PM"
1798906378377220214,https://x.com/DanielNoboaOk/status/1798906378377220214,"RT @NielsOlsenP: ¡Bienvenido @NatGeo a Ecuador! 🇪🇨 

Este equipo estará recorriendo 5 provincias del país para contar las mejores historias…",872,187,104,15,56230,"June 7, 2024 at 02:34 AM"
1798906336572498021,https://x.com/DanielNoboaOk/status/1798906336572498021,"RT @Presidencia_Ec: En la Base Naval “San Eduardo”, el presidente @DanielNoboaOk saludó a miembros de las Fuerzas Armadas (@FFAAECUADOR) y…",570,102,203,5,43284,"June 7, 2024 at 02:34 AM"
1798803151375704342,https://x.com/DanielNoboaOk/status/1798803151375704342,"Estados Unidos respalda nuestra lucha contra el terrorismo. 

Por años los terroristas han estado acostumbrados a hacer lo que les venga en gana, hoy la historia es diferente. Hoy tienen un gobierno que los enfrenta, y se siguen sumando aliados en esta lucha.

Esta es una guerra de largo aliento, una que vamos a ganar.",3412,706,1302,91,269950,"June 6, 2024 at 07:44 PM"
1796873683731976591,https://x.com/DanielNoboaOk/status/1796873683731976591,"RT @Presidencia_Ec: ¡Fortaleciendo relaciones bilaterales con El Salvador por más de 130 años! 🤝

El Jefe de Estado ecuatoriano, @DanielNob…",2431,412,588,40,141142,"June 1, 2024 at 11:57 AM"
1796647240489910438,https://x.com/DanielNoboaOk/status/1796647240489910438,"Rendición de cuentas 2023 

Periodo Mayo 2021 - Mayo 2023 https://t.co/BQEEL5vOrf",1063,143,749,35,110890,"May 31, 2024 at 08:57 PM"
1796646645972578731,https://x.com/DanielNoboaOk/status/1796646645972578731,RT @Presidencia_Ec: El Bloque de Seguridad mantiene su compromiso firme contra los grupos terroristas. Gracias a varios operativos ejecutad…,257,43,59,1,37750,"May 31, 2024 at 08:55 PM"
1796646205029498935,https://x.com/DanielNoboaOk/status/1796646205029498935,RT @Presidencia_Ec: #EcuadorEnElSalvador 🇪🇨🇸🇻 | El presidente @DanielNoboaOk arribó a El Salvador para cumplir con su visita oficial en est…,1736,268,154,8,129945,"May 31, 2024 at 08:53 PM"
1794510279549534504,https://x.com/DanielNoboaOk/status/1794510279549534504,"RT @NielsOlsenP: TOTAL FALTA DE RESPETO A NUESTROS PARQUES NACIONALES

Hacemos un llamado a la ciudadanía para que actúe con responsabilida…",507,135,200,26,148263,"May 25, 2024 at 11:26 PM"